,OverallQual,OverallCond,SaleCondition,SaleType,MSSubClass,MSZoning,Neighborhood,HouseStyle
0,7,5,0,0,0,0,0,0
1,6,8,0,0,1,0,1,1
2,7,5,0,0,0,0,0,0
3,7,5,1,0,2,0,2,0
4,8,5,0,0,0,0,3,0
5,5,5,0,0,3,0,4,2
6,8,5,0,0,1,0,5,1
7,7,6,0,0,0,0,6,0
8,7,5,1,0,3,1,7,2
9,5,6,0,0,4,0,8,3
10,5,5,0,0,1,0,9,1
11,9,5,2,1,0,0,10,0
12,5,6,0,0,1,0,9,1
13,7,5,2,1,1,0,0,1
14,6,5,0,0,1,0,11,1
15,7,8,0,0,5,1,8,3
16,6,7,0,0,1,0,11,1
17,4,5,0,0,6,0,9,1
18,5,5,0,0,1,0,12,1
19,5,6,1,2,1,0,11,1
20,8,5,2,1,0,0,10,0
21,7,7,0,0,5,1,13,3
22,8,5,0,0,1,0,0,1
23,5,7,0,0,7,1,14,1
24,5,8,0,0,1,0,9,1
25,8,5,0,0,1,0,10,1
26,5,7,0,0,1,0,11,1
27,8,5,0,0,1,0,10,1
28,5,6,0,0,1,0,11,1
29,4,6,0,0,8,1,8,1
30,4,4,0,0,2,2,13,0
31,5,6,0,0,1,0,9,1
32,8,5,0,0,1,0,0,1
33,5,5,0,0,1,0,11,1
34,9,5,0,0,7,0,10,1
35,8,5,0,0,0,0,10,0
36,5,5,0,0,1,0,0,1
37,5,6,0,0,1,0,11,1
38,5,7,1,0,1,0,11,1
39,4,5,3,0,6,0,15,1
40,6,5,1,0,1,0,11,1
41,5,6,0,0,1,0,16,1
42,5,7,0,0,9,0,12,4
43,5,6,0,0,1,0,0,1
44,5,6,0,0,1,0,11,1
45,9,5,0,0,7,0,10,1
46,7,5,1,0,3,0,4,2
47,8,5,0,0,1,3,5,1
48,4,5,2,1,4,1,7,0
49,5,7,0,0,1,0,9,1
50,6,6,0,0,0,0,17,0
51,6,6,0,0,3,1,8,2
52,5,5,0,0,6,1,13,1
53,9,5,0,0,1,0,1,1
54,5,5,0,0,10,0,11,5
55,6,5,0,0,1,0,11,1
56,8,5,1,0,11,3,5,0
57,7,5,0,0,0,0,0,0
58,10,5,2,1,0,0,18,0
59,5,7,0,0,1,0,0,1
60,6,5,2,1,1,0,12,1
61,5,7,0,0,12,1,13,6
62,8,5,0,0,7,0,10,1
63,7,6,0,0,2,1,7,0
64,7,5,0,0,0,0,0,0
65,8,5,0,0,0,0,10,0
66,7,5,0,0,1,0,11,1
67,7,5,0,0,1,0,0,1
68,4,6,0,0,8,1,7,1
69,7,4,0,0,3,0,19,2
70,7,6,0,0,1,0,11,1
71,4,6,0,0,1,0,4,1
72,7,5,0,0,0,0,17,0
73,5,7,0,0,1,0,11,1
74,3,6,0,0,3,1,7,0
75,4,5,0,0,13,1,14,5
76,4,7,0,0,1,0,11,1
77,5,5,0,0,3,1,8,2
78,4,5,0,0,6,0,9,1
79,5,6,0,0,3,1,7,0
80,6,6,0,0,0,0,11,0
81,6,5,0,0,7,1,4,1
82,8,5,0,0,1,0,5,1
83,5,5,0,2,1,0,11,1
84,7,5,0,0,10,0,17,5
85,8,5,0,0,0,0,3,0
86,6,5,0,0,0,0,17,0
87,6,5,2,1,11,3,5,0
88,3,2,1,3,3,2,13,2
89,4,5,0,0,1,0,0,1
90,4,5,0,0,1,0,11,1
91,5,3,1,0,1,0,11,1
92,5,7,0,0,8,0,2,1
93,6,6,0,0,4,2,7,6
94,6,5,0,0,0,0,0,0
95,6,8,0,0,0,0,17,0
96,7,5,0,0,1,0,0,1
97,4,5,0,0,1,0,15,1
98,5,5,1,2,8,0,15,1
99,4,5,0,0,1,0,11,1
100,6,7,0,0,1,0,6,1
101,6,5,0,0,0,0,12,0
102,5,5,4,0,6,0,12,1
103,7,5,0,0,1,0,0,1
104,7,4,0,0,3,1,13,2
105,8,5,0,0,0,3,5,0
106,4,7,0,0,8,1,7,1
107,5,5,2,0,1,1,7,1
108,5,7,0,0,3,1,13,2
109,6,6,0,2,1,0,6,1
110,6,4,0,0,3,0,15,2
111,7,5,0,0,10,0,17,5
112,7,5,2,1,0,0,0,0
113,6,5,1,2,1,0,2,1
114,6,8,0,0,2,0,2,0
115,6,5,0,0,11,3,5,0
116,5,5,0,0,1,0,9,1
117,5,5,2,1,1,0,15,1
118,7,5,0,0,0,0,12,0
119,6,5,2,1,0,0,0,0
120,6,5,0,0,10,0,19,5
121,4,5,0,0,3,1,13,2
122,6,7,0,0,1,0,11,1
123,6,5,0,0,7,0,12,1
124,6,5,0,0,1,0,6,1
125,6,8,0,0,4,1,13,2
126,6,5,0,0,7,0,20,1
127,5,7,0,0,5,1,7,3
128,6,5,0,0,0,0,11,0
129,5,7,1,0,1,0,11,1
130,7,6,0,0,0,0,11,0
131,6,5,0,0,0,0,17,0
132,5,6,0,0,1,0,11,1
133,8,5,0,0,1,0,16,1
134,5,6,0,0,1,0,9,1
135,7,6,0,0,1,0,6,1
136,5,5,0,0,1,0,11,1
137,7,5,5,0,6,0,4,1
138,8,5,0,0,0,0,0,0
139,6,5,0,0,0,0,0,0
140,4,5,0,4,1,0,11,1
141,7,5,0,0,1,0,0,1
142,5,4,0,0,3,0,11,2
143,7,5,0,0,1,0,0,1
144,5,5,1,4,6,1,9,1
145,6,5,0,0,11,1,15,0
146,5,7,0,0,8,1,8,1
147,7,5,0,0,0,0,17,0
148,7,5,0,0,1,0,12,1
149,5,4,0,0,3,1,8,2
150,5,6,0,0,1,0,0,1
151,8,5,2,1,1,0,10,1
152,6,5,0,0,0,0,6,0
153,6,7,0,0,1,0,19,1
154,6,5,5,0,8,1,7,1
155,6,5,0,0,3,0,15,2
156,5,7,0,0,1,0,11,1
157,8,5,2,1,0,0,16,0
158,7,5,0,0,0,3,5,0
159,7,5,2,1,0,0,17,0
160,6,6,0,0,1,0,1,1
161,9,5,0,0,0,0,10,0
162,7,5,2,1,1,0,10,1
163,4,6,0,0,5,0,7,3
164,6,7,0,0,14,1,7,1
165,5,7,0,0,4,0,15,2
166,5,5,0,2,1,0,19,1
167,8,5,2,1,0,0,10,0
168,7,5,0,0,0,0,17,0
169,8,6,0,0,1,0,16,1
170,5,6,0,0,3,1,7,2
171,6,5,0,0,1,0,11,1
172,7,7,0,0,11,0,18,0
173,6,5,0,2,1,0,11,1
174,6,5,0,0,1,0,16,1
175,6,7,0,0,1,0,15,1
176,6,5,0,0,0,0,19,0
177,5,5,0,0,3,0,9,2
178,9,5,2,1,1,0,18,1
179,5,6,0,0,8,1,7,1
180,6,5,0,0,11,3,5,0
181,7,6,0,0,2,0,2,0
182,5,6,0,0,1,0,15,1
183,7,5,0,0,3,1,7,2
184,5,8,0,0,3,0,8,2
185,10,9,0,0,12,1,7,7
186,7,5,0,0,10,0,4,5
187,5,7,0,0,3,0,7,2
188,5,5,4,0,6,0,12,4
189,8,5,0,0,7,0,18,1
190,8,8,0,0,2,0,2,0
191,7,9,0,0,0,0,11,0
192,7,5,0,0,1,0,0,1
193,7,5,0,0,11,1,15,0
194,5,7,0,0,1,0,0,1
195,6,6,0,0,11,0,20,0
196,7,5,2,1,1,0,5,1
197,8,4,1,0,12,0,11,0
198,6,6,1,0,12,1,7,7
199,8,5,0,0,1,0,10,1
200,4,5,0,0,1,1,15,1
201,6,6,0,0,1,0,4,1
202,6,6,0,2,3,0,7,2
203,6,5,0,0,7,1,0,1
204,5,7,0,0,3,1,7,2
205,7,5,0,0,1,0,17,1
206,5,5,0,0,1,0,9,1
207,4,5,0,0,1,0,11,1
208,7,5,0,0,0,0,12,0
209,6,7,0,0,1,0,11,1
210,5,6,0,0,8,0,15,1
211,6,5,0,0,1,0,15,1
212,7,5,2,1,0,3,5,0
213,5,5,0,0,1,0,0,1
214,6,7,0,0,0,0,0,0
215,5,6,0,0,1,0,11,1
216,7,5,0,0,1,0,0,1
217,4,4,5,0,2,1,7,0
218,7,9,0,0,3,0,2,2
219,7,5,2,1,7,0,21,1
220,7,5,2,1,1,0,0,1
221,6,5,0,4,0,0,17,0
222,6,6,0,0,0,0,6,0
223,4,6,1,0,1,0,11,1
224,10,5,0,0,1,0,10,1
225,5,5,1,2,11,1,22,0
226,7,5,1,0,0,0,3,0
227,6,6,0,0,11,1,22,0
228,5,5,0,0,1,0,9,1
229,7,5,0,0,7,0,21,1
230,6,6,0,0,1,0,11,1
231,8,5,0,0,0,0,3,0
232,6,5,0,0,11,1,22,0
233,5,6,0,0,1,0,0,1
234,6,5,0,0,0,0,17,0
235,6,3,0,0,11,1,22,0
236,7,5,0,0,1,0,0,1
237,7,7,0,0,0,0,12,0
238,8,5,2,1,1,0,10,1
239,6,4,0,0,3,0,15,2
240,8,5,0,0,1,3,5,1
241,5,9,0,0,8,1,7,1
242,5,4,0,0,3,1,7,2
243,6,6,0,0,11,0,12,0
244,7,5,0,0,0,0,12,0
245,7,5,0,0,1,0,6,1
246,6,8,0,0,4,1,7,0
247,6,5,0,0,1,0,11,1
248,7,5,0,0,0,0,0,0
249,6,7,0,0,3,0,19,2
250,3,2,0,0,8,0,8,1
251,8,5,5,0,7,1,2,1
252,6,5,0,0,0,0,12,0
253,6,7,0,5,10,0,11,5
254,5,6,0,0,1,0,11,1
255,7,5,0,0,0,0,17,0
256,6,5,0,0,0,3,5,0
257,7,5,1,0,1,0,0,1
258,7,5,0,0,0,0,0,0
259,5,5,0,0,1,1,7,1
260,6,5,0,0,10,0,11,5
261,8,5,2,1,0,0,0,0
262,6,7,0,0,10,0,9,5
263,5,7,0,0,3,1,7,2
264,5,5,0,0,8,1,7,1
265,6,6,0,0,1,0,6,1
266,6,5,0,0,0,0,17,0
267,5,8,0,0,12,0,23,7
268,5,6,0,0,8,1,13,1
269,6,7,0,0,1,0,15,1
270,8,5,2,1,0,3,5,0
271,7,7,0,0,1,0,19,1
272,8,7,0,0,0,0,3,0
273,6,6,0,0,1,0,11,1
274,5,7,0,0,1,0,4,1
275,7,7,0,0,3,0,8,2
276,7,5,0,0,1,0,4,1
277,4,5,0,0,1,0,17,1
278,9,5,2,1,1,0,10,1
279,7,5,0,0,0,0,19,0
280,7,6,0,0,0,0,12,0
281,6,5,2,1,1,3,5,1
282,7,5,0,6,7,0,10,1
283,8,5,2,1,1,0,5,1
284,6,5,0,0,7,0,12,1
285,7,5,2,1,11,3,5,0
286,6,7,0,0,3,0,11,2
287,4,4,0,0,1,0,11,1
288,5,5,0,0,1,0,9,1
289,6,7,0,0,2,0,8,0
290,8,5,2,1,0,0,0,0
291,5,6,0,0,4,0,23,0
292,5,4,0,0,3,0,15,2
293,7,7,0,0,0,0,6,0
294,6,5,0,0,1,0,11,1
295,6,6,0,0,10,0,4,5
296,5,5,0,0,3,1,13,2
297,7,5,0,0,0,3,5,0
298,6,6,0,0,0,0,6,0
299,6,8,5,0,1,0,2,1
300,5,5,0,0,4,0,2,1
301,8,5,0,0,0,0,0,0
302,7,5,0,0,1,0,0,1
303,5,7,1,0,1,0,0,1
304,7,9,0,0,12,1,7,7
305,8,5,0,0,1,0,0,1
306,7,5,0,0,0,0,12,0
307,6,7,0,0,3,1,13,2
308,4,5,0,0,8,0,15,1
309,9,5,0,0,1,0,10,1
310,6,5,0,0,0,0,17,0
311,6,6,0,0,1,0,11,1
312,5,7,0,0,4,1,7,2
313,7,5,0,0,1,0,16,1
314,7,7,0,0,2,1,7,0
315,7,5,0,0,0,0,17,0
316,7,7,0,0,0,0,6,0
317,8,5,0,0,0,3,5,0
318,7,5,0,0,0,0,3,0
319,7,5,0,0,10,0,6,5
320,9,5,2,1,0,0,10,0
321,8,5,0,0,0,0,10,0
322,7,5,0,0,0,0,12,0
323,3,8,0,0,1,1,7,1
324,7,7,0,0,10,0,11,5
325,5,6,0,0,5,1,13,3
326,8,5,0,7,7,0,1,1
327,6,5,0,0,1,0,11,1
328,6,6,0,0,12,0,8,6
329,5,5,0,0,2,1,13,0
330,5,4,0,0,6,0,11,1
331,5,6,0,0,1,0,11,1
332,8,5,0,0,1,0,10,1
333,7,5,0,0,7,1,10,1
334,6,5,0,0,0,0,17,0
335,5,6,0,0,4,0,16,2
336,9,5,0,0,1,0,18,1
337,7,5,0,0,1,0,0,1
338,7,7,0,0,1,0,6,1
339,6,7,0,0,1,0,11,1
340,8,5,0,0,0,0,16,0
341,4,4,0,0,1,4,12,1
342,3,4,0,0,6,0,11,1
343,9,5,0,0,7,0,10,1
344,5,3,0,0,11,1,14,0
345,6,5,0,0,3,0,8,2
346,6,8,0,0,1,0,11,1
347,6,5,0,0,1,0,11,1
348,7,5,0,0,11,0,10,0
349,9,5,2,1,0,0,10,0
350,9,5,2,1,7,0,10,1
351,7,5,1,0,7,0,19,1
352,5,6,0,6,3,0,15,2
353,6,8,0,0,8,1,7,1
354,6,5,0,0,3,0,23,2
355,6,5,0,0,1,0,0,1
356,6,6,0,0,1,0,17,1
357,5,5,0,0,7,1,14,1
358,5,4,1,0,10,0,19,5
359,8,5,0,0,0,0,3,0
360,6,6,0,0,9,0,4,4
361,5,5,0,0,3,0,8,2
362,7,5,0,3,9,0,15,4
363,6,8,0,0,11,1,22,0
364,6,5,0,0,0,0,6,0
365,5,7,0,0,2,1,13,0
366,6,5,0,0,1,0,11,1
367,6,5,0,0,10,0,11,5
368,5,6,0,0,1,0,11,1
369,5,7,0,0,1,0,11,1
370,6,5,0,0,0,0,17,0
371,4,4,0,0,3,0,19,2
372,6,5,0,0,7,0,12,1
373,5,6,0,0,1,0,11,1
374,7,5,0,0,0,0,0,0
375,1,1,0,0,8,0,15,1
376,5,5,0,0,9,0,0,4
377,8,5,0,0,0,3,5,0
378,9,2,2,1,1,0,18,1
379,6,5,0,0,0,0,17,0
380,5,6,0,0,3,0,23,2
381,7,5,2,1,1,3,5,1
382,7,5,0,0,0,0,0,0
383,6,3,0,0,5,4,12,3
384,6,5,0,0,0,0,19,0
385,8,5,0,0,7,0,21,1
386,5,3,3,0,3,0,15,2
387,6,6,1,0,10,0,15,5
388,7,5,0,0,1,0,0,1
389,10,5,2,1,0,0,10,0
390,5,8,0,0,3,0,15,2
391,6,5,0,0,0,0,4,0
392,5,7,0,0,1,0,11,1
393,4,5,1,0,8,0,8,1
394,5,6,0,0,3,0,7,2
395,5,6,0,0,1,0,15,1
396,5,5,0,0,1,0,0,1
397,5,5,0,0,0,0,11,0
398,5,2,1,0,8,1,13,1
399,7,5,0,0,0,3,5,0
400,8,5,0,0,7,0,1,1
401,7,5,2,1,1,0,0,1
402,5,8,0,0,8,0,9,1
403,8,5,1,0,0,0,3,0
404,6,5,0,0,0,0,17,0
405,4,4,0,0,1,0,9,1
406,6,5,0,0,3,0,23,2
407,6,7,0,0,2,0,2,0
408,7,5,2,1,0,0,10,0
409,8,5,2,1,0,3,5,0
410,5,3,1,2,1,0,15,1
411,5,5,0,0,4,0,17,1
412,7,5,2,1,1,3,5,1
413,5,6,0,0,8,1,7,1
414,7,5,0,0,0,0,12,0
415,7,5,2,1,1,0,17,1
416,6,7,0,0,0,0,9,0
417,6,6,0,0,2,0,2,0
418,5,6,3,0,3,0,15,2
419,5,6,0,0,1,0,11,1
420,7,5,4,0,6,1,4,4
421,6,7,0,0,1,0,6,1
422,5,5,0,0,1,0,4,1
423,8,5,0,0,0,0,3,0
424,6,5,0,0,1,0,11,1
425,7,8,0,0,0,1,7,0
426,7,5,0,0,10,0,12,5
427,4,6,0,0,1,0,11,1
428,7,5,2,1,1,0,0,1
429,6,5,0,0,1,0,16,1
430,6,5,1,2,11,1,22,0
431,6,7,1,3,3,1,7,2
432,5,5,0,0,11,1,22,0
433,6,5,0,0,0,0,17,0
434,4,7,0,0,13,1,14,4
435,7,6,0,6,0,0,0,0
436,6,8,0,0,3,1,7,2
437,6,7,0,0,5,1,8,3
438,5,6,0,0,8,0,2,1
439,6,8,0,4,3,0,15,2
440,10,5,0,0,1,0,10,1
441,4,4,0,0,6,0,15,1
442,5,7,0,0,3,1,8,2
443,7,5,2,1,7,0,21,1
444,7,5,0,0,0,0,0,0
445,6,5,0,2,1,0,15,1
446,6,6,0,0,1,0,11,1
447,7,5,0,0,0,0,17,0
448,6,6,0,0,3,1,13,2
449,3,7,0,0,3,1,7,2
450,6,8,0,0,8,1,7,1
451,7,5,0,0,1,0,19,1
452,6,5,0,0,0,0,16,0
453,8,5,0,0,0,3,5,0
454,5,5,5,0,6,0,4,1
455,7,6,0,0,1,0,6,1
456,5,5,1,2,2,1,7,0
457,4,6,0,0,1,0,19,1
458,8,7,0,0,2,1,7,0
459,5,4,0,0,3,0,8,2
460,8,5,2,1,0,3,5,0
461,7,9,0,0,2,0,23,0
462,5,5,0,0,1,0,9,1
463,6,7,0,0,2,0,2,0
464,5,5,0,0,1,0,0,1
465,7,5,0,0,7,1,21,1
466,7,5,0,0,1,0,11,1
467,5,7,0,0,2,0,11,0
468,8,5,0,0,1,0,10,1
469,6,5,0,0,0,0,12,0
470,8,5,0,0,7,0,18,1
471,7,6,0,0,0,0,6,0
472,6,5,0,0,13,1,15,5
473,8,5,2,1,1,0,10,1
474,8,5,0,0,7,0,18,1
475,5,6,0,0,1,0,9,1
476,6,5,0,0,1,0,0,1
477,9,5,0,0,0,0,10,0
478,8,5,0,0,1,0,0,1
479,4,7,4,0,8,1,7,1
480,9,5,0,0,1,0,10,1
481,9,5,0,0,1,0,10,1
482,7,8,0,0,2,1,7,0
483,6,5,0,0,7,1,4,1
484,5,7,0,0,1,0,9,1
485,5,7,0,0,1,0,11,1
486,5,7,0,0,1,0,11,1
487,5,6,0,0,1,0,6,1
488,5,4,0,3,4,0,7,2
489,4,8,0,0,13,1,14,4
490,5,6,0,0,11,1,14,0
491,6,7,0,0,3,0,11,2
492,6,5,2,1,0,0,17,0
493,5,6,0,0,1,0,11,1
494,5,8,0,0,8,1,7,1
495,4,5,1,0,8,2,13,1
496,8,5,0,0,1,0,3,1
497,7,6,0,0,3,0,8,2
498,5,7,0,0,1,0,9,1
499,5,7,0,0,1,0,11,1
500,6,5,0,0,11,1,22,0
501,7,5,0,0,0,3,5,0
502,5,7,0,0,1,0,15,1
503,7,8,0,0,1,0,2,1
504,6,5,0,0,11,0,20,0
505,5,5,0,2,6,1,7,0
506,8,5,0,0,0,0,12,0
507,6,5,2,1,1,3,5,1
508,7,9,0,0,2,1,7,0
509,5,6,0,0,1,0,11,1
510,5,7,0,0,1,0,11,1
511,7,5,2,1,7,0,10,1
512,5,5,0,0,1,0,11,1
513,6,5,0,0,1,0,4,1
514,5,5,0,0,5,0,2,3
515,10,5,2,1,1,0,10,1
516,6,6,1,2,10,0,6,5
517,7,5,0,0,0,0,3,0
518,6,5,0,0,0,0,0,0
519,7,9,0,0,2,0,2,0
520,4,7,0,0,4,0,7,0
521,6,6,0,0,1,0,11,1
522,6,7,0,0,3,1,8,2
523,10,5,2,1,0,0,15,0
524,7,5,0,0,0,0,3,0
525,7,5,0,0,1,3,5,1
526,5,7,0,0,1,0,11,1
527,9,5,2,1,0,0,10,0
528,4,7,0,0,8,0,15,1
529,6,3,4,0,1,0,2,1
530,6,5,1,0,10,0,16,5
531,6,8,0,0,2,1,8,0
532,5,7,0,0,1,0,11,1
533,1,3,0,0,1,0,8,1
534,8,5,0,0,0,0,17,0
535,5,7,0,0,4,0,15,0
536,7,5,0,0,0,0,0,0
537,4,5,0,2,1,0,11,1
538,5,5,0,0,1,0,9,1
539,8,5,0,0,1,0,0,1
540,9,5,0,0,1,0,16,1
541,8,5,0,0,0,0,3,0
542,7,5,0,0,1,0,6,1
543,7,5,0,0,7,4,11,4
544,7,5,2,1,0,0,17,0
545,7,5,0,0,3,0,6,2
546,6,7,0,0,3,0,8,2
547,5,7,0,0,9,0,4,4
548,5,7,0,0,1,1,7,1
549,7,5,0,0,0,3,5,0
550,6,6,1,2,7,0,20,1
551,5,6,0,0,1,1,7,1
552,8,5,0,0,1,0,10,1
553,4,5,0,0,1,0,15,1
554,7,5,0,0,0,0,10,0
555,5,6,0,0,5,1,8,3
556,5,5,0,0,1,0,11,1
557,4,6,0,2,3,2,13,2
558,7,5,0,0,0,0,17,0
559,7,5,0,0,7,0,21,1
560,5,6,0,0,1,0,9,1
561,5,5,0,0,1,0,4,1
562,5,6,0,0,8,0,15,1
563,6,7,0,0,3,0,15,2
564,7,5,0,0,0,0,3,0
565,6,4,0,0,2,0,23,0
566,9,5,0,0,0,0,18,0
567,7,5,0,0,1,0,10,1
568,8,8,0,0,3,0,12,2
569,5,5,0,0,6,0,11,4
570,5,5,0,0,6,0,11,1
571,6,6,1,0,1,0,11,1
572,7,5,2,1,0,0,16,0
573,7,5,0,0,10,0,17,5
574,5,7,0,0,10,0,11,5
575,5,5,1,2,3,0,11,2
576,7,7,0,0,3,0,23,2
577,5,6,1,0,10,0,9,5
578,7,5,1,0,11,3,5,0
579,5,5,0,0,3,1,7,2
580,6,6,0,0,1,0,11,1
581,8,5,2,1,1,0,10,1
582,6,5,0,0,6,0,15,4
583,10,9,0,0,12,1,7,6
584,4,7,0,0,3,1,8,2
585,8,5,2,1,1,0,16,1
586,6,7,0,0,8,0,8,1
587,5,6,0,0,9,0,9,4
588,5,8,2,0,1,0,19,1
589,5,6,0,0,14,1,8,1
590,7,5,0,0,0,0,0,0
591,10,5,0,4,0,0,10,0
592,5,8,0,0,1,0,4,1
593,6,5,0,0,7,1,0,1
594,5,6,0,0,1,0,0,1
595,8,5,2,1,1,0,18,1
596,6,7,0,0,2,1,7,0
597,7,5,2,1,7,0,21,1
598,5,6,0,0,1,0,2,1
599,6,6,0,2,11,1,24,0
600,8,5,0,0,0,0,10,0
601,6,6,0,0,3,1,13,2
602,8,5,1,0,0,0,12,0
603,7,5,0,0,11,3,5,0
604,7,5,0,0,1,0,0,1
605,7,6,0,0,0,0,11,0
606,5,5,0,0,1,0,0,1
607,5,8,0,0,1,0,15,0
608,8,6,4,0,2,0,2,0
609,4,5,0,0,1,0,9,1
610,9,5,0,0,0,0,0,0
611,6,6,0,0,10,0,6,5
612,8,5,0,0,0,0,0,0
613,5,5,2,1,1,0,4,1
614,4,6,0,0,13,1,14,4
615,6,7,1,0,9,0,11,4
616,6,5,0,0,0,0,17,0
617,6,6,0,0,5,0,11,3
618,9,5,2,1,1,0,10,1
619,8,5,0,0,0,0,16,0
620,3,3,0,0,8,0,15,1
621,6,7,0,0,0,0,6,0
622,5,6,0,0,1,0,9,1
623,6,5,0,0,11,3,5,0
624,6,5,0,0,0,0,6,0
625,6,6,0,0,1,0,11,1
626,5,5,0,0,1,0,11,1
627,6,6,0,0,10,0,11,5
628,5,5,5,0,0,0,11,0
629,6,5,0,0,10,0,11,5
630,5,6,1,0,2,1,7,0
631,8,5,0,0,7,0,10,1
632,7,5,5,0,1,0,6,1
633,5,7,0,0,1,0,11,1
634,6,5,0,0,6,0,7,4
635,6,7,1,0,4,4,23,7
636,2,3,0,6,8,1,8,1
637,5,4,0,0,4,1,7,2
638,5,7,0,0,8,0,15,1
639,8,5,2,1,7,0,21,1
640,8,5,0,0,7,0,10,1
641,7,5,0,0,0,3,5,0
642,8,7,0,0,10,0,11,5
643,5,5,0,0,0,0,6,0
644,9,5,2,1,1,3,5,1
645,6,5,0,0,1,0,11,1
646,5,5,0,0,1,0,11,1
647,6,5,0,0,1,0,15,1
648,6,5,0,0,0,0,11,0
649,4,6,0,0,13,1,14,4
650,7,6,0,0,0,3,5,0
651,4,5,0,0,2,0,15,0
652,7,5,0,0,0,0,0,0
653,6,7,0,0,3,1,13,2
654,8,6,0,0,1,0,3,1
655,6,5,5,0,11,1,22,0
656,5,7,0,0,1,0,11,1
657,7,6,0,0,2,0,2,0
658,6,5,1,0,3,0,11,2
659,5,7,0,0,1,0,15,1
660,7,7,0,0,0,0,6,0
661,8,7,0,0,0,0,3,0
662,6,3,0,0,1,0,11,1
663,4,5,0,0,9,0,15,4
664,8,5,2,1,1,0,5,1
665,8,5,0,0,0,0,17,0
666,6,5,1,0,0,0,11,0
667,6,5,0,0,1,0,12,1
668,5,6,0,0,1,0,9,1
669,4,5,0,0,8,0,2,1
670,6,5,0,0,0,0,0,0
671,6,6,0,0,2,4,15,0
672,6,6,0,0,1,0,1,1
673,6,7,0,0,1,0,2,1
674,6,6,0,0,1,0,11,1
675,6,6,0,0,11,0,20,0
676,4,2,0,0,2,1,7,0
677,5,8,0,0,8,0,7,1
678,8,5,2,1,1,0,18,1
679,5,5,0,0,1,0,9,1
680,6,5,0,0,7,0,12,1
681,5,5,1,0,3,4,23,2
682,6,5,0,0,7,0,19,1
683,9,5,0,0,1,0,0,1
684,7,5,0,0,0,0,3,0
685,7,5,0,0,11,0,18,0
686,7,6,2,1,0,3,5,0
687,7,5,0,0,11,3,5,0
688,8,6,2,1,1,0,18,1
689,6,5,0,0,7,0,10,1
690,6,5,0,0,7,1,0,1
691,10,6,0,0,0,0,3,0
692,7,5,0,0,0,0,16,0
693,5,6,1,0,8,0,7,1
694,5,6,0,0,3,1,8,2
695,6,6,0,0,1,0,16,1
696,5,7,0,0,8,1,8,1
697,5,7,0,0,1,0,15,1
698,5,8,0,0,1,0,9,1
699,7,5,0,0,7,3,5,1
700,8,5,0,0,1,0,16,1
701,7,5,0,2,1,0,6,1
702,8,5,2,1,0,0,18,0
703,5,9,0,0,4,1,7,0
704,7,5,0,0,1,0,0,1
705,4,5,0,0,4,1,13,0
706,7,5,0,0,1,0,19,1
707,8,5,0,0,7,0,10,1
708,7,5,2,1,0,0,17,0
709,5,7,1,0,1,0,9,1
710,3,6,0,0,8,0,8,1
711,4,7,1,0,3,2,13,2
712,8,5,0,0,7,0,18,1
713,4,5,0,0,4,0,8,1
714,6,8,0,0,0,0,9,0
715,6,5,0,0,1,0,6,1
716,7,8,0,0,2,1,7,0
717,5,6,0,0,1,0,6,1
718,7,5,0,0,0,0,3,0
719,5,6,0,0,1,0,0,1
720,8,5,0,0,7,0,18,1
721,6,5,0,0,7,1,0,1
722,4,7,0,0,1,0,11,1
723,4,6,0,0,3,0,15,2
724,9,5,0,0,1,0,15,1
725,4,6,0,0,1,0,11,1
726,6,9,0,0,1,0,2,1
727,7,5,0,0,1,0,0,1
728,5,5,1,2,6,0,11,1
729,4,5,0,0,8,1,13,2
730,8,5,0,0,7,0,18,1
731,7,5,0,0,10,0,16,5
732,7,5,0,0,0,0,0,0
733,5,6,0,0,1,0,9,1
734,5,5,5,0,1,0,9,1
735,7,7,0,0,12,1,7,6
736,3,4,0,0,6,0,11,1
737,8,5,0,0,0,0,17,0
738,5,5,4,0,6,0,15,1
739,7,5,0,0,0,0,0,0
740,5,7,1,0,2,1,7,0
741,6,8,0,0,1,0,9,1
742,7,5,0,0,1,0,12,1
743,5,6,0,0,10,0,9,5
744,8,5,0,0,7,0,18,1
745,8,9,0,0,0,0,6,0
746,7,5,0,0,0,0,17,0
747,7,7,0,0,2,1,7,0
748,7,5,0,0,1,0,3,1
749,4,3,0,0,3,0,15,2
750,4,7,0,0,3,1,7,2
751,7,5,0,0,0,0,17,0
752,6,5,0,0,1,0,0,1
753,8,5,0,0,0,0,10,0
754,6,8,0,0,1,0,11,1
755,6,5,0,0,11,3,5,0
756,8,5,0,0,0,0,0,0
757,6,5,1,0,0,0,9,0
758,7,5,0,0,11,3,5,0
759,8,5,0,0,0,0,3,0
760,6,6,0,0,1,0,11,1
761,5,5,0,0,8,1,8,1
762,7,5,0,7,0,3,5,0
763,8,5,0,0,0,0,3,0
764,8,5,0,0,7,0,1,1
765,9,5,2,1,1,0,5,1
766,7,5,0,0,0,0,6,0
767,6,7,0,0,3,0,4,2
768,7,5,0,0,1,0,0,1
769,8,5,0,0,0,0,18,0
770,5,5,0,0,9,0,9,4
771,4,5,0,2,1,0,15,1
772,6,5,1,0,10,0,15,5
773,5,5,0,2,1,0,11,1
774,8,5,2,1,1,0,10,1
775,6,5,0,0,7,1,4,1
776,7,5,2,1,1,0,0,1
777,5,5,0,0,1,0,9,1
778,5,5,0,0,6,4,12,1
779,6,5,0,0,6,0,4,4
780,7,5,0,0,1,0,17,1
781,6,5,0,0,0,0,12,0
782,7,5,0,0,1,0,0,1
783,5,6,0,0,9,0,4,4
784,6,6,0,0,12,1,7,6
785,6,5,0,0,1,0,6,1
786,5,6,0,0,3,1,7,2
787,7,5,0,0,0,0,12,0
788,4,7,0,0,1,1,7,1
789,6,8,0,0,0,0,19,0
790,7,5,0,0,7,0,21,1
791,6,5,0,0,10,0,4,5
792,7,5,0,0,0,0,3,0
793,8,5,2,1,1,0,5,1
794,7,5,0,0,0,0,17,0
795,6,6,0,0,0,0,12,0
796,6,5,0,0,1,0,9,1
797,5,5,1,0,1,0,11,1
798,9,5,2,1,0,0,10,0
799,5,7,0,0,3,0,23,2
800,6,5,0,0,0,0,19,0
801,4,7,0,0,8,1,13,1
802,7,5,0,0,0,0,0,0
803,9,5,2,1,0,0,10,0
804,5,5,5,0,1,0,11,1
805,7,5,2,1,1,0,5,1
806,5,5,0,0,10,0,11,5
807,5,6,0,0,2,0,8,0
808,5,5,0,0,10,0,11,5
809,5,5,0,0,12,1,7,6
810,6,6,0,0,1,0,6,1
811,6,5,0,3,7,1,0,1
812,5,5,4,0,1,2,13,1
813,6,6,0,2,1,0,11,1
814,5,7,0,0,3,0,15,2
815,7,5,0,0,1,0,0,1
816,5,6,0,0,1,0,11,1
817,8,5,0,0,1,0,4,1
818,6,7,0,0,10,0,19,5
819,7,5,2,1,7,0,10,1
820,7,5,0,0,0,0,0,0
821,4,4,0,0,1,1,7,1
822,7,5,5,0,0,0,17,0
823,6,7,0,0,3,0,23,2
824,8,5,2,1,1,3,5,1
825,10,5,2,1,1,0,10,1
826,5,6,0,0,5,1,8,3
827,7,5,0,0,1,0,12,1
828,5,5,1,0,0,0,19,0
829,7,5,0,0,11,3,5,0
830,6,5,0,0,1,0,11,1
831,7,5,0,0,11,3,5,0
832,7,6,0,0,0,0,0,0
833,6,6,0,0,1,0,11,1
834,5,6,0,0,1,0,11,1
835,4,7,0,0,1,0,9,1
836,5,6,0,2,8,1,7,1
837,6,5,0,0,11,1,22,0
838,5,6,0,0,1,0,0,1
839,5,6,0,0,3,0,15,2
840,6,8,0,0,2,4,23,0
841,5,8,0,0,2,1,7,0
842,6,7,0,0,10,0,11,5
843,5,4,0,0,6,0,11,1
844,5,8,0,0,3,1,7,2
845,5,5,0,0,9,0,9,4
846,7,5,0,0,0,0,12,0
847,5,6,0,0,1,0,0,1
848,6,8,0,0,3,0,19,2
849,6,7,0,0,10,0,1,5
850,6,5,0,0,7,1,0,1
851,8,5,0,0,7,0,21,1
852,7,5,0,0,12,0,2,6
853,6,6,0,0,10,0,11,5
854,5,4,1,0,1,0,9,1
855,5,8,0,0,1,0,9,1
856,6,6,0,0,10,0,0,5
857,6,5,0,0,0,0,17,0
858,7,5,5,0,1,0,6,1
859,6,7,0,0,0,0,6,0
860,7,8,0,0,3,0,2,2
861,5,4,0,0,4,0,9,1
862,6,5,0,0,1,0,12,1
863,5,5,0,0,1,0,11,1
864,7,5,2,1,1,3,5,1
865,5,6,0,0,1,0,11,1
866,8,5,2,1,1,0,16,1
867,4,5,0,0,1,0,9,1
868,5,6,0,0,0,0,17,0
869,7,5,0,0,0,0,12,0
870,5,5,0,0,1,0,11,1
871,6,5,0,0,0,0,0,0
872,5,7,0,0,1,0,11,1
873,5,7,0,0,14,0,11,1
874,5,6,1,0,3,1,7,2
875,8,5,2,1,0,3,5,0
876,4,5,0,0,1,0,4,1
877,9,5,0,0,0,0,10,0
878,5,7,0,0,9,0,9,4
879,5,8,0,0,1,0,0,1
880,5,5,0,0,1,0,15,1
881,7,5,0,0,3,0,16,2
882,6,5,0,0,0,0,17,0
883,4,5,0,0,12,0,23,7
884,5,5,0,0,1,0,11,1
885,9,5,1,5,7,3,5,1
886,5,5,5,0,6,0,11,1
887,5,7,0,0,3,0,15,2
888,8,6,0,0,1,0,11,1
889,6,4,0,0,1,0,11,1
890,5,7,0,0,3,0,11,2
891,6,5,0,0,0,0,9,0
892,6,8,0,0,1,0,9,1
893,5,5,0,0,1,0,9,1
894,5,5,4,0,6,0,12,1
895,6,5,0,0,0,0,11,0
896,4,6,1,0,8,1,13,1
897,5,5,4,0,6,0,12,0
898,9,5,2,1,1,0,10,1
899,5,7,0,0,1,0,9,1
900,4,6,0,0,1,0,11,1
901,5,7,0,0,1,0,11,1
902,7,5,0,0,0,0,17,0
903,7,5,2,1,1,0,17,1
904,5,6,0,0,1,0,9,1
905,5,5,0,0,1,0,11,1
906,8,5,0,0,1,0,5,1
907,7,7,0,0,3,0,2,2
908,5,5,0,0,1,0,4,1
909,6,5,0,0,0,0,17,0
910,5,5,0,0,6,0,11,0
911,5,7,0,0,1,0,0,1
912,5,7,1,0,8,1,8,1
913,5,6,0,0,6,4,2,0
914,6,5,2,1,11,3,5,0
915,4,5,0,0,11,1,14,0
916,2,3,1,0,1,2,13,1
917,4,6,0,0,1,0,15,1
918,7,5,0,0,0,0,12,0
919,6,8,0,0,1,0,11,1
920,6,5,0,0,0,0,12,0
921,5,7,0,0,6,0,15,2
922,6,5,2,1,1,0,17,1
923,6,5,0,0,7,0,12,1
924,6,6,0,0,1,0,6,1
925,5,6,1,0,1,0,6,1
926,8,5,0,0,0,0,10,0
927,7,5,0,0,0,0,6,0
928,8,5,0,0,1,0,0,1
929,7,5,0,0,0,0,17,0
930,8,5,0,0,1,0,16,1
931,5,6,0,0,1,0,11,1
932,9,5,0,0,1,0,5,1
933,7,5,0,0,1,0,0,1
934,7,7,0,0,1,0,11,1
935,4,5,0,0,8,0,8,1
936,7,5,0,0,1,0,12,1
937,7,5,0,0,0,0,5,0
938,7,5,2,1,0,0,0,0
939,7,7,0,2,2,0,19,0
940,6,5,0,0,6,0,4,1
941,7,5,0,0,0,0,17,0
942,4,3,1,8,6,0,15,1
943,5,4,0,0,6,0,4,1
944,6,6,1,2,1,0,16,5
945,5,6,0,0,3,1,7,2
946,5,6,0,0,10,0,11,5
947,8,5,0,0,1,0,16,1
948,7,5,0,0,0,0,0,0
949,6,7,0,0,1,0,6,1
950,5,8,0,0,1,0,11,1
951,5,5,1,0,1,4,12,1
952,5,8,0,0,9,0,0,4
953,5,4,0,0,0,0,4,0
954,6,5,3,0,6,0,15,4
955,6,6,0,0,6,4,2,0
956,6,6,0,0,11,1,24,0
957,5,5,0,0,1,0,9,1
958,7,5,0,0,1,0,0,1
959,7,5,0,0,11,3,5,0
960,5,7,0,0,1,0,8,1
961,6,7,0,0,0,0,6,0
962,6,6,0,0,11,0,20,0
963,9,5,0,0,1,0,0,1
964,7,5,0,0,0,0,16,0
965,6,5,2,1,0,0,17,0
966,5,7,0,0,3,0,2,2
967,5,7,0,0,1,0,11,1
968,3,6,1,0,3,1,7,2
969,6,5,0,3,4,0,11,5
970,4,4,1,0,3,0,11,2
971,7,5,0,0,11,0,10,0
972,6,5,0,0,7,0,12,1
973,7,5,2,1,1,3,5,1
974,7,8,0,0,2,0,8,0
975,7,5,0,0,11,3,5,0
976,4,7,0,0,8,0,8,1
977,7,5,2,1,7,3,5,1
978,4,5,1,0,1,0,15,1
979,5,6,0,0,1,0,9,1
980,7,9,0,0,9,0,11,4
981,8,5,0,0,0,0,3,0
982,7,5,0,0,1,0,21,1
983,8,5,0,0,0,0,0,0
984,5,5,0,2,6,0,4,2
985,5,5,0,3,4,0,15,1
986,6,8,0,0,3,1,7,2
987,9,5,2,1,1,0,10,1
988,6,6,0,0,0,0,6,0
989,7,5,2,1,0,3,5,0
990,8,5,0,0,0,0,3,0
991,8,9,0,0,2,1,7,0
992,6,8,0,0,0,0,11,0
993,6,5,2,1,0,0,0,0
994,10,5,0,0,1,0,10,1
995,4,7,1,0,3,0,8,2
996,5,6,0,2,1,0,11,1
997,6,6,0,0,1,0,6,1
998,3,4,0,0,8,1,13,1
999,7,5,0,0,1,0,0,1
1000,3,3,0,0,1,0,15,1
1001,5,6,1,0,8,0,7,1
1002,8,5,0,0,1,0,5,1
1003,5,6,0,0,6,0,6,1
1004,7,5,0,0,7,0,21,1
1005,5,8,0,0,10,0,0,5
1006,6,3,0,0,1,0,11,1
1007,4,4,0,0,11,1,14,0
1008,7,5,0,0,1,0,4,1
1009,5,5,0,0,3,0,23,2
1010,5,5,0,0,3,0,9,2
1011,5,5,0,0,6,0,15,1
1012,6,7,0,0,2,0,2,0
1013,5,4,0,0,8,1,7,1
1014,6,5,0,0,1,0,11,1
1015,8,6,0,0,0,0,6,0
1016,7,5,0,0,1,0,0,1
1017,8,5,1,2,7,0,18,1
1018,7,5,0,0,10,0,17,5
1019,7,5,0,0,7,0,21,1
1020,4,5,0,0,1,0,15,1
1021,7,5,2,1,1,0,0,1
1022,5,5,0,0,3,1,7,2
1023,7,5,0,0,7,0,21,1
1024,8,6,1,2,1,0,16,1
1025,5,5,0,0,1,0,0,1
1026,5,5,0,0,1,0,11,1
1027,8,5,2,1,1,0,16,1
1028,5,5,0,0,3,0,11,2
1029,6,7,0,0,11,1,22,0
1030,5,8,0,0,4,4,23,0
1031,7,3,0,0,12,0,23,7
1032,8,7,1,0,0,0,3,0
1033,7,5,0,0,1,0,0,1
1034,5,7,0,0,8,0,2,1
1035,4,3,0,0,1,0,15,1
1036,9,5,0,0,1,0,16,1
1037,8,5,0,0,0,0,0,0
1038,4,6,0,0,11,1,14,0
1039,4,4,0,0,13,1,14,4
1040,5,4,0,0,1,0,9,1
1041,6,8,0,0,0,0,6,0
1042,6,5,0,0,7,0,10,1
1043,7,5,0,0,0,0,12,0
1044,8,5,0,0,1,0,6,1
1045,3,5,0,0,1,0,15,1
1046,9,5,2,1,0,0,18,0
1047,5,5,0,0,1,0,0,1
1048,5,4,0,0,1,0,4,1
1049,4,7,1,0,1,0,15,1
1050,7,5,2,1,1,0,17,1
1051,7,5,2,1,1,0,0,1
1052,6,6,0,0,0,0,11,0
1053,5,6,0,0,1,0,15,1
1054,8,5,0,0,0,0,0,0
1055,6,5,1,2,1,0,6,1
1056,7,5,0,0,7,0,10,1
1057,7,6,0,0,0,0,3,0
1058,9,5,0,0,0,0,10,0
1059,6,7,0,0,3,0,2,2
1060,8,5,0,0,7,0,18,1
1061,3,4,0,3,8,2,13,1
1062,5,5,0,0,4,1,7,0
1063,6,6,0,0,8,1,7,1
1064,5,6,0,0,1,0,11,1
1065,7,5,0,0,0,0,19,0
1066,6,7,0,0,0,0,17,0
1067,6,6,0,0,0,0,11,0
1068,6,4,0,0,11,1,14,0
1069,5,7,0,0,5,0,11,3
1070,5,5,0,0,1,0,11,1
1071,6,6,0,0,0,0,6,0
1072,5,3,0,0,3,0,15,2
1073,6,6,0,0,0,0,15,0
1074,7,5,0,0,1,0,0,1
1075,7,6,0,5,2,0,2,0
1076,5,8,0,0,3,0,7,2
1077,5,5,1,0,1,0,11,1
1078,6,5,0,0,7,1,0,1
1079,5,5,0,0,1,0,0,1
1080,6,7,1,2,1,0,6,1
1081,5,5,0,0,1,0,9,1
1082,7,5,0,0,1,0,0,1
1083,6,6,0,0,1,0,11,1
1084,6,5,0,0,0,0,17,0
1085,6,6,0,0,9,0,12,4
1086,4,5,0,0,11,1,14,0
1087,8,5,0,0,0,3,5,0
1088,7,5,0,0,11,1,15,0
1089,8,5,0,0,7,3,5,1
1090,3,4,0,0,6,0,11,1
1091,7,5,0,0,11,3,5,0
1092,6,5,0,0,3,0,23,2
1093,5,8,0,0,1,0,11,1
1094,5,7,0,0,1,0,11,1
1095,6,5,0,0,1,0,0,1
1096,6,7,0,0,2,1,13,0
1097,8,5,0,0,7,0,18,1
1098,4,6,0,0,3,1,8,2
1099,7,5,1,2,1,0,6,1
1100,2,5,0,0,8,0,23,1
1101,5,5,0,0,1,0,11,1
1102,5,7,5,0,1,0,11,1
1103,6,6,0,0,1,0,11,1
1104,5,5,0,0,11,1,22,0
1105,8,5,0,0,0,0,3,0
1106,7,5,0,0,1,0,12,1
1107,7,5,2,1,0,0,17,0
1108,6,5,1,0,0,0,17,0
1109,8,5,0,0,1,0,10,1
1110,6,5,0,0,0,0,17,0
1111,7,6,0,0,0,0,6,0
1112,5,7,0,0,1,0,11,1
1113,5,7,0,0,1,0,11,1
1114,5,7,0,0,1,0,7,1
1115,8,5,2,1,1,0,10,1
1116,8,5,0,0,10,0,17,5
1117,5,7,0,0,1,0,9,1
1118,5,6,0,0,10,0,9,5
1119,5,5,0,0,1,0,11,1
1120,6,5,0,0,8,1,13,1
1121,7,5,2,1,1,0,0,1
1122,4,3,1,2,1,0,15,1
1123,5,9,0,0,1,0,15,1
1124,7,5,0,0,10,0,17,5
1125,4,5,0,0,1,0,11,1
1126,7,5,0,0,7,0,21,1
1127,7,5,5,0,1,0,17,1
1128,7,5,0,0,0,0,17,0
1129,5,5,0,0,6,1,7,4
1130,4,3,0,0,3,0,23,2
1131,5,5,1,8,1,0,4,1
1132,6,4,0,0,2,1,7,0
1133,8,5,0,0,0,0,12,0
1134,6,5,0,0,0,0,17,0
1135,6,5,0,0,8,1,8,1
1136,6,5,1,0,3,0,11,2
1137,5,8,0,0,3,0,9,2
1138,6,5,0,0,1,0,4,1
1139,5,5,0,0,8,0,8,1
1140,5,7,1,2,1,0,11,1
1141,5,7,0,0,0,0,6,0
1142,8,5,2,1,0,0,0,0
1143,5,3,0,0,1,0,9,1
1144,4,4,0,0,4,0,15,2
1145,5,6,5,0,3,1,8,2
1146,6,5,0,0,1,0,12,1
1147,7,7,0,0,2,0,2,0
1148,7,7,0,0,3,1,7,2
1149,7,9,0,0,2,1,7,0
1150,6,5,0,0,1,0,11,1
1151,5,4,0,0,1,0,15,1
1152,6,7,1,0,1,0,2,1
1153,6,8,0,0,8,1,13,1
1154,7,6,0,0,0,0,11,0
1155,5,8,0,0,1,0,1,1
1156,5,8,0,0,10,0,11,5
1157,7,5,0,0,7,0,10,1
1158,8,5,2,3,1,0,5,1
1159,6,6,0,0,0,0,6,0
1160,6,5,0,0,11,0,20,0
1161,6,7,0,0,1,0,2,1
1162,5,5,0,0,1,0,9,1
1163,4,4,4,0,6,0,9,4
1164,5,7,0,0,10,0,1,5
1165,7,5,2,1,1,0,10,1
1166,8,5,0,0,1,0,0,1
1167,6,5,0,0,0,0,17,0
1168,6,7,0,0,2,0,15,0
1169,10,5,0,0,0,0,3,0
1170,6,6,0,0,10,0,4,5
1171,6,6,0,0,1,0,11,1
1172,7,5,0,0,11,3,5,0
1173,5,6,0,0,3,0,19,2
1174,6,8,0,0,2,0,2,0
1175,8,5,0,0,3,0,3,2
1176,5,5,0,0,1,0,4,1
1177,6,8,0,0,3,1,7,2
1178,5,6,0,0,3,0,2,2
1179,5,5,0,0,1,0,15,1
1180,7,5,0,0,0,0,16,0
1181,8,5,2,1,7,1,2,1
1182,10,5,1,0,0,0,3,0
1183,5,6,0,0,8,0,7,1
1184,5,4,0,0,1,0,16,1
1185,5,7,0,0,3,0,15,2
1186,3,5,1,0,4,0,7,0
1187,8,5,0,0,1,0,3,1
1188,7,5,0,0,0,0,0,0
1189,7,5,0,0,0,0,17,0
1190,4,4,0,0,4,0,4,1
1191,8,5,0,0,11,3,5,0
1192,5,8,0,0,3,1,7,2
1193,6,5,0,0,7,1,4,1
1194,6,7,0,0,0,0,9,0
1195,6,5,0,0,0,0,17,0
1196,7,5,2,1,0,0,17,0
1197,7,6,0,6,12,1,7,6
1198,7,5,0,0,1,0,0,1
1199,4,5,0,0,1,0,9,1
1200,4,5,1,8,1,0,11,1
1201,7,5,0,0,0,0,0,0
1202,5,8,0,0,3,1,8,2
1203,7,5,0,0,1,0,0,1
1204,5,6,0,0,1,0,6,1
1205,7,7,0,0,1,0,12,1
1206,4,4,0,0,1,4,12,1
1207,6,5,0,0,1,0,0,1
1208,5,7,0,0,1,0,11,1
1209,8,5,2,1,1,0,5,1
1210,6,5,0,0,0,0,12,0
1211,8,7,0,0,3,0,17,2
1212,4,6,0,0,8,0,15,1
1213,4,9,0,0,10,0,9,5
1214,5,5,0,0,9,0,11,4
1215,5,5,0,0,1,0,9,1
1216,6,5,0,0,6,1,9,2
1217,8,5,2,1,1,3,5,1
1218,4,5,0,0,3,1,8,2
1219,6,5,1,0,11,1,22,0
1220,5,5,1,0,1,0,11,1
1221,5,5,0,0,1,0,9,1
1222,6,6,0,0,3,0,11,2
1223,5,3,0,0,1,0,11,1
1224,7,5,0,0,0,0,17,0
1225,6,8,0,0,10,0,11,5
1226,6,5,0,0,0,0,5,0
1227,5,8,0,0,1,0,11,1
1228,9,5,2,1,7,0,10,1
1229,5,5,0,0,10,0,11,5
1230,5,5,0,0,6,0,9,2
1231,5,6,0,0,6,0,11,5
1232,4,5,0,0,6,0,11,1
1233,5,5,1,2,1,0,11,1
1234,5,6,1,0,2,4,23,0
1235,5,5,0,0,2,0,2,0
1236,7,5,0,0,11,0,10,0
1237,7,5,0,0,0,0,0,0
1238,6,5,1,0,1,0,12,1
1239,8,5,0,0,1,0,16,1
1240,7,5,0,0,0,0,0,0
1241,7,6,2,1,1,0,5,1
1242,7,6,5,0,9,0,6,4
1243,10,5,2,1,1,0,10,1
1244,8,7,0,0,2,0,2,0
1245,6,7,1,0,10,0,6,5
1246,7,5,2,1,0,3,5,0
1247,6,5,0,0,10,0,4,5
1248,6,5,0,0,12,1,7,6
1249,5,7,0,0,1,0,11,1
1250,7,5,0,0,1,0,11,1
1251,7,5,0,0,7,0,10,1
1252,5,6,0,0,1,0,4,1
1253,7,7,0,0,0,0,1,0
1254,7,5,0,0,0,0,15,0
1255,6,6,0,0,3,1,8,2
1256,8,5,0,0,1,0,3,1
1257,5,8,0,0,8,0,15,1
1258,7,5,0,0,10,0,17,5
1259,6,8,0,0,1,0,11,1
1260,6,5,0,0,0,0,17,0
1261,5,6,0,0,1,0,11,1
1262,4,5,0,0,3,0,19,2
1263,6,6,0,0,2,0,8,0
1264,6,5,1,2,7,4,11,1
1265,7,5,0,0,11,3,5,0
1266,7,4,0,0,4,1,7,6
1267,9,5,0,0,1,0,16,1
1268,8,9,0,0,3,0,2,2
1269,5,5,0,0,3,0,11,2
1270,7,6,0,0,14,0,19,1
1271,6,7,0,0,1,0,6,1
1272,5,6,0,0,1,0,9,1
1273,6,7,0,0,10,0,15,5
1274,5,6,0,0,3,0,2,2
1275,5,5,0,0,6,0,11,0
1276,6,6,0,0,0,0,6,0
1277,6,5,0,0,10,0,6,5
1278,8,5,0,0,0,0,0,0
1279,4,4,1,2,3,2,13,2
1280,7,5,0,0,1,0,0,1
1281,7,5,0,0,1,0,16,1
1282,5,7,0,0,1,0,0,1
1283,6,5,0,0,6,0,4,0
1284,6,7,0,0,3,0,23,2
1285,6,6,0,0,3,1,8,2
1286,6,5,0,0,1,0,6,1
1287,5,5,0,0,1,0,19,1
1288,8,5,0,0,7,0,18,1
1289,8,5,2,1,0,0,10,0
1290,5,7,0,0,10,0,11,5
1291,5,7,0,0,11,1,22,0
1292,5,4,0,0,2,1,7,0
1293,7,5,0,0,0,0,6,0
1294,5,7,0,0,1,0,15,1
1295,5,5,0,0,1,0,11,1
1296,5,6,0,0,1,0,11,1
1297,6,5,2,1,13,1,15,4
1298,10,5,2,1,0,0,15,0
1299,5,7,0,0,1,0,11,1
1300,7,5,0,0,0,0,17,0
1301,6,7,0,0,2,0,2,0
1302,8,5,0,0,0,0,3,0
1303,7,5,0,0,1,0,5,1
1304,7,5,0,0,11,1,15,0
1305,9,5,0,0,1,0,10,1
1306,7,5,2,1,7,0,10,1
1307,5,5,0,0,1,0,0,1
1308,5,7,0,0,1,1,7,1
1309,6,5,0,0,1,0,12,1
1310,7,8,0,0,1,0,2,1
1311,7,5,2,1,1,0,0,1
1312,8,5,0,0,0,0,3,0
1313,9,5,0,0,0,0,3,0
1314,4,6,0,0,1,0,15,1
1315,6,5,0,0,0,0,11,0
1316,8,5,0,0,1,0,0,1
1317,7,5,2,1,7,3,5,1
1318,8,5,0,0,1,0,0,1
1319,4,5,0,0,1,0,15,1
1320,6,3,0,0,1,0,11,1
1321,3,6,0,0,1,0,8,1
1322,7,5,0,0,0,0,3,0
1323,4,7,0,0,8,0,8,1
1324,8,5,2,1,1,0,5,1
1325,4,4,0,0,8,1,13,1
1326,3,6,0,0,8,4,15,1
1327,5,9,0,0,1,0,4,1
1328,6,7,0,0,3,1,7,2
1329,7,5,0,0,0,0,17,0
1330,8,5,0,0,1,0,5,1
1331,5,5,0,0,10,0,0,5
1332,4,6,0,0,1,0,15,1
1333,5,6,0,0,3,1,13,2
1334,5,6,0,0,11,1,22,0
1335,6,5,0,0,1,0,6,1
1336,5,5,0,0,6,0,6,1
1337,4,4,0,0,8,1,7,1
1338,7,5,0,0,0,0,0,0
1339,5,7,0,0,1,0,0,1
1340,4,5,0,0,1,0,11,1
1341,6,5,0,0,1,0,12,1
1342,8,5,0,0,0,0,0,0
1343,6,6,0,0,3,0,2,2
1344,7,5,2,1,0,0,0,0
1345,4,4,0,0,8,1,7,1
1346,7,7,0,0,1,0,6,1
1347,8,5,2,1,1,0,16,1
1348,7,5,0,0,1,0,12,1
1349,8,5,0,0,2,1,7,0
1350,5,5,0,0,6,0,11,0
1351,6,6,0,0,0,0,11,0
1352,6,9,0,0,3,1,8,2
1353,8,5,0,0,3,0,3,2
1354,7,5,0,0,0,0,0,0
1355,7,6,0,0,10,0,6,5
1356,5,5,0,0,1,0,11,1
1357,5,6,0,0,1,0,11,1
1358,6,5,0,0,11,3,5,0
1359,9,5,0,0,1,0,10,1
1360,5,6,0,0,2,0,23,0
1361,7,5,0,0,1,0,18,1
1362,4,4,0,0,3,0,11,2
1363,6,5,2,1,0,0,17,0
1364,7,5,1,0,11,3,5,0
1365,7,5,0,0,0,3,5,0
1366,7,5,1,0,0,0,0,0
1367,5,6,0,0,11,1,14,0
1368,6,5,0,0,7,1,0,1
1369,8,5,0,0,1,0,0,1
1370,4,6,0,0,3,0,7,2
1371,6,6,0,0,10,0,11,5
1372,7,6,0,0,0,0,0,0
1373,10,5,0,0,1,0,3,1
1374,7,5,0,0,0,3,5,0
1375,8,5,2,1,1,0,16,1
1376,6,5,0,0,8,0,23,1
1377,5,5,0,0,3,0,15,2
1378,6,5,0,0,11,1,22,0
1379,5,5,0,0,10,0,16,5
1380,3,3,0,0,8,0,15,1
1381,6,7,0,0,1,0,11,1
1382,7,7,0,0,2,1,7,0
1383,5,7,0,0,8,0,9,1
1384,6,5,0,0,3,0,15,2
1385,4,8,0,0,3,1,13,2
1386,7,5,0,0,0,0,6,0
1387,6,7,5,5,3,1,7,2
1388,9,5,0,0,1,0,17,1
1389,6,6,0,0,3,1,8,2
1390,7,5,0,0,1,0,0,1
1391,5,5,0,0,6,0,11,1
1392,5,5,0,0,9,0,11,4
1393,6,7,0,0,4,1,7,2
1394,7,5,2,1,7,0,21,1
1395,8,5,0,0,0,0,16,0
1396,5,5,0,0,1,0,16,1
1397,5,8,0,0,2,1,8,0
1398,5,4,0,0,3,0,11,2
1399,6,6,0,0,3,0,23,2
1400,6,7,0,0,3,1,8,2
1401,6,5,0,0,0,0,17,0
1402,7,5,2,1,1,0,0,1
1403,8,5,0,0,1,0,5,1
1404,3,4,5,0,3,0,7,2
1405,8,5,0,0,7,1,2,1
1406,5,7,0,0,9,0,0,4
1407,5,5,0,0,1,0,4,1
1408,4,7,0,0,2,1,7,0
1409,7,6,0,0,0,0,6,0
1410,7,5,0,0,0,0,0,0
1411,6,8,0,0,3,0,11,2
1412,4,5,0,0,6,0,11,1
1413,8,5,1,2,1,0,12,1
1414,6,7,0,0,3,0,8,2
1415,7,5,0,0,7,0,21,1
1416,4,6,0,0,4,1,7,0
1417,8,5,0,0,0,0,3,0
1418,5,5,0,2,1,0,11,1
1419,6,5,0,0,1,0,2,1
1420,6,6,0,0,0,0,6,0
1421,6,5,0,0,7,0,20,1
1422,6,5,0,0,7,1,0,1
1423,6,7,4,0,10,0,15,5
1424,5,5,0,0,1,0,11,1
1425,6,6,0,0,1,0,11,1
1426,7,5,0,0,0,0,3,0
1427,5,6,0,0,3,0,11,2
1428,5,7,1,0,8,1,7,1
1429,6,7,0,0,1,0,6,1
1430,5,5,0,0,0,0,17,0
1431,6,6,0,0,7,0,20,1
1432,4,6,0,0,8,0,7,1
1433,6,5,0,0,0,0,17,0
1434,5,5,0,0,1,0,4,1
1435,6,9,1,2,1,0,11,1
1436,4,6,0,0,1,0,11,1
1437,8,5,2,1,1,0,10,1
1438,6,7,0,0,1,1,7,1
1439,7,6,0,0,0,0,6,5
1440,6,7,0,0,2,0,2,7
1441,6,5,0,0,7,1,0,1
1442,10,5,0,0,0,3,5,0
1443,6,6,0,0,8,0,8,3
1444,7,5,0,0,1,0,0,1
1445,6,5,0,0,9,0,9,4
1446,5,7,0,0,1,0,4,1
1447,8,5,0,0,0,0,0,0
1448,4,7,0,0,3,0,15,0
1449,5,7,1,0,13,1,14,4
1450,5,5,0,0,6,0,11,0
1451,8,5,2,1,1,0,5,1
1452,5,5,0,0,13,1,15,5
1453,5,5,1,0,1,0,4,1
1454,7,5,0,0,1,3,5,1
1455,6,5,0,0,0,0,17,0
1456,6,6,0,0,1,0,6,1
1457,7,9,0,0,2,0,2,0
1458,5,6,0,0,1,0,11,1
1459,5,6,0,0,1,0,15,1
